,id,created_at,username,text,label,categorical_label
0,1537382368381632513,Thu Jun 16 10:31:34 +0000 2022,Planact_NGO,the nation you a clear policy and practical to ensure that the younger generation to and benefit from our new democracy,positive,2
1,1537338184312528896,Thu Jun 16 07:36:00 +0000 2022,vanandasoapery,appreciation tweet to mayor of municipality and executive district mayor of the central karo,neutral,0
2,1537321364511772673,Thu Jun 16 06:29:10 +0000 2022,realmphomalgas,appreciation tweet to mayor of municipality and executive district mayor of the central karo,neutral,0
3,1537152631684186114,Wed Jun 15 19:18:40 +0000 2022,ThePatriotOfZAR,appreciation tweet to mayor of municipality and executive district mayor of the central karo,neutral,0
4,1537150068284870656,Wed Jun 15 19:08:29 +0000 2022,TonyBeamish,'it s now time to change the culture within starting with the municipal manager mayor and the council,neutral,0
5,1537106399167139843,Wed Jun 15 16:14:58 +0000 2022,Moneyweb,'it s now time to change the culture within starting with the municipal manager mayor and the council _sa,neutral,0
6,1537074114199953414,Wed Jun 15 14:06:40 +0000 2022,dejiafolabiesq,if not effectively or the superior official is naturally bad at people it becomes a toxic relationship for the and they suffer in silence ma or sir is enough or address them by their,negative,1
7,1537050019391492096,Wed Jun 15 12:30:56 +0000 2022,sagren,_mayor why the it is just as it should be as it should have been,neutral,0
8,1537029414386651138,Wed Jun 15 11:09:03 +0000 2022,MavoSthe,thank you so much you are such an my brother may you keep growing as a broadcaster soul your penchant for one to always want to listen there will be in as long as you still hold the platform,positive,2
9,1536985440674549761,Wed Jun 15 08:14:19 +0000 2022,Bizmalawi,know about our free local delivery paint colour matching technical and colour consulting on site quantity free more,positive,2
10,1536980813291593728,Wed Jun 15 07:55:56 +0000 2022,NcebaMbangula,the is doing in less than days what the current government should been doing for the past now this is unprecedented,positive,2
11,1536943696725393408,Wed Jun 15 05:28:26 +0000 2022,asivikelane,distribution department pipe and drain and three community were,neutral,0
12,1536801856336318464,Tue Jun 14 20:04:49 +0000 2022,LunganiMdunge,appreciation tweet to mayor of municipality and executive district mayor of the central karo,neutral,0
13,1536792454015352832,Tue Jun 14 19:27:27 +0000 2022,Replicon,to stand out in a highly competitive market service must impress their with excellent service delivery great build trust brand awareness and customer loyalty learn ways to make it happen,positive,2
14,1536745786234613763,Tue Jun 14 16:22:01 +0000 2022,JeffreyMarch1,_izo _regiond still no progress _izo _regiond,neutral,0
15,1536704055216586756,Tue Jun 14 13:36:12 +0000 2022,iHireJobAlerts,new job alert customer account good sense,positive,2
16,1536702749496287234,Tue Jun 14 13:31:00 +0000 2022,getcloudcover,our team been growing we to highlight our technical service manager he is part of the team that our global providing some of the best in class in the industry learn more,positive,2
17,1536700278174531584,Tue Jun 14 13:21:11 +0000 2022,sagren,_mayor that is we need more like these this could be the first test let is see if they find the hydrant in the picture,positive,2
18,1536694745078038528,Tue Jun 14 12:59:12 +0000 2022,BongiRa,appreciation tweet to mayor of municipality and executive district mayor of the central karo,neutral,0
19,1536692674916499459,Tue Jun 14 12:50:58 +0000 2022,SASDIAlliance,distribution department pipe and drain and three community were employed for three days to keep up the good work,positive,2
20,1536692308715905025,Tue Jun 14 12:49:31 +0000 2022,chatlas,appreciation tweet to mayor of municipality and executive district mayor of the central karo,neutral,0
21,1536672255790432256,Tue Jun 14 11:29:50 +0000 2022,SASDIAlliance,service delivery in may water sanitation and refuse removal for more on monthly,positive,2
22,1536657267650699265,Tue Jun 14 10:30:16 +0000 2022,ikemacina,amazingly enough local and have not caught up with this challenge to empower their with the latest technology,positive,2
23,1536625634679697409,Tue Jun 14 08:24:35 +0000 2022,GugsOutside,_zz taps in more than in in eastern cape remain dry forcing to fetch water from this is al,positive,2
24,1536623399333675009,Tue Jun 14 08:15:42 +0000 2022,Mamcirha24,_zz taps in more than in in eastern cape remain dry forcing to fetch water from this is al,positive,2
25,1536622962090049536,Tue Jun 14 08:13:57 +0000 2022,Ziyanda_ZZ,the municipality said fell under the water scheme which currently not water they attribute this to poor reticulation that was done without bulk water supply establishment,negative,1
26,1536622958193565697,Tue Jun 14 08:13:56 +0000 2022,Ziyanda_ZZ,taps in more than in in eastern cape remain dry forcing to fetch water from this is all while water infrastructure to a tune of r m was built in by the district,positive,2
27,1536606051529027584,Tue Jun 14 07:06:46 +0000 2022,czentrix,interactive voice response in a call center is a huge benefit in of customer retention quality of service delivery solution,positive,2
28,1536452853853732868,Mon Jun 13 20:58:00 +0000 2022,iHireJobAlerts,new job alert bilingual literacy coach new jersey children is literacy initiative,positive,2
29,1536374006135373824,Mon Jun 13 15:44:42 +0000 2022,ZweliKINGDlomo,happy to see our deputy at both and part of this action,positive,2
30,1536340278503964672,Mon Jun 13 13:30:40 +0000 2022,AspireSystems,unpack the latest release and learn how the new agent and integration fit your business,positive,2
31,1536311273666883585,Mon Jun 13 11:35:25 +0000 2022,nanyaglobal,happy democracy day,positive,2
32,1536311161020358658,Mon Jun 13 11:34:58 +0000 2022,Serveetcons,happy democracy day,positive,2
33,1536280303014232065,Mon Jun 13 09:32:21 +0000 2022,henriettefroh,so good to see of nagging to get done in ward paying off thank you for coming to the party and helping feel by cutting overgrown bush and filling in public,positive,2
34,1536271295373004800,Mon Jun 13 08:56:34 +0000 2022,nielisha,still no contact pathetic,negative,1
35,1536267522818953216,Mon Jun 13 08:41:34 +0000 2022,TP_Nkoane,informal settlement keep it up,neutral,0
36,1536263894620164096,Mon Jun 13 08:27:09 +0000 2022,asivikelane,informal settlement keep it up,neutral,0
37,1536223346622451712,Mon Jun 13 05:46:02 +0000 2022,Kgabane,when to service delivery you are your journey well is at the of building our,neutral,0
38,1536058855892869120,Sun Jun 12 18:52:24 +0000 2022,Yifilim,appreciation tweet to mayor of municipality and executive district mayor of the central karo,neutral,0
39,1536058425615974400,Sun Jun 12 18:50:41 +0000 2022,TebogoRegular,appreciation tweet to mayor of municipality and executive district mayor of the central karo,neutral,0
40,1536038328767741953,Sun Jun 12 17:30:50 +0000 2022,lizetteshaw,appreciation tweet to mayor of municipality and executive district mayor of the central karo,neutral,0
41,1536027940517036033,Sun Jun 12 16:49:33 +0000 2022,MsM22970638,appreciation tweet to mayor of municipality and executive district mayor of the central karo,neutral,0
42,1536022883629162498,Sun Jun 12 16:29:28 +0000 2022,sepedirock,appreciation tweet to mayor of municipality and executive district mayor of the central karo,neutral,0
43,1536018829821747200,Sun Jun 12 16:13:21 +0000 2022,kgakantsho,appreciation tweet to mayor of municipality and executive district mayor of the central karo,neutral,0
44,1536018235493076994,Sun Jun 12 16:10:59 +0000 2022,coolkat_1,appreciation tweet to mayor of municipality and executive district mayor of the central karo,neutral,0
45,1536016625601810434,Sun Jun 12 16:04:36 +0000 2022,VusiSambo,appreciation tweet to mayor of municipality and executive district mayor of the central karo,neutral,0
46,1536000253584982016,Sun Jun 12 14:59:32 +0000 2022,first_putsa,appreciation tweet to mayor of municipality and executive district mayor of the central karo,neutral,0
47,1535989875438231552,Sun Jun 12 14:18:18 +0000 2022,8210888Stewart,appreciation tweet to mayor of municipality and executive district mayor of the central karo,neutral,0
48,1535982167796350977,Sun Jun 12 13:47:40 +0000 2022,sherylozzy,appreciation tweet to mayor of municipality and executive district mayor of the central karo,neutral,0
49,1535935408336404483,Sun Jun 12 10:41:52 +0000 2022,Alfred24098042,appreciation tweet to mayor of municipality and executive district mayor of the central karo,neutral,0
50,1535928736520065024,Sun Jun 12 10:15:21 +0000 2022,Anele18471568,appreciation tweet to mayor of municipality and executive district mayor of the central karo,neutral,0
51,1535926066669305862,Sun Jun 12 10:04:45 +0000 2022,SarahThinker22,appreciation tweet to mayor of municipality and executive district mayor of the central karo,neutral,0
52,1535922801227571200,Sun Jun 12 09:51:46 +0000 2022,TumisangEL,appreciation tweet to mayor of municipality and executive district mayor of the central karo,neutral,0
53,1535914472891883520,Sun Jun 12 09:18:40 +0000 2022,B______Johnson,appreciation tweet to mayor of municipality and executive district mayor of the central karo,neutral,0
54,1535909399113437186,Sun Jun 12 08:58:31 +0000 2022,Ma_LoJ,appreciation tweet to mayor of municipality and executive district mayor of the central karo,neutral,0
55,1535909357942149120,Sun Jun 12 08:58:21 +0000 2022,Madombolo_,appreciation tweet to mayor of municipality and executive district mayor of the central karo,neutral,0
56,1535907333561360387,Sun Jun 12 08:50:18 +0000 2022,Bayela123,appreciation tweet to mayor of municipality and executive district mayor of the central karo,neutral,0
57,1535905313467031553,Sun Jun 12 08:42:17 +0000 2022,ALETTAHA,appreciation tweet to mayor of municipality and executive district mayor of the central karo,neutral,0
58,1535904055977037824,Sun Jun 12 08:37:17 +0000 2022,BorchieU191,appreciation tweet to mayor of municipality and executive district mayor of the central karo,neutral,0
59,1535902116664967169,Sun Jun 12 08:29:34 +0000 2022,theeNosh,appreciation tweet to mayor of municipality and executive district mayor of the central karo,neutral,0
60,1535900685434249216,Sun Jun 12 08:23:53 +0000 2022,MirrorFogger,appreciation tweet to mayor of municipality and executive district mayor of the central karo,neutral,0
61,1535899196057870336,Sun Jun 12 08:17:58 +0000 2022,MrNoah_Tias,appreciation tweet to mayor of municipality and executive district mayor of the central karo,neutral,0
62,1535892237623648256,Sun Jun 12 07:50:19 +0000 2022,hgugwana_herbet,appreciation tweet to mayor of municipality and executive district mayor of the central karo,neutral,0
63,1535891516903784448,Sun Jun 12 07:47:27 +0000 2022,Mike_Easiy,appreciation tweet to mayor of municipality and executive district mayor of the central karo,neutral,0
64,1535890699379527680,Sun Jun 12 07:44:12 +0000 2022,0nk321,appreciation tweet to mayor of municipality and executive district mayor of the central karo,neutral,0
65,1535890226006179840,Sun Jun 12 07:42:19 +0000 2022,SboshPatriot,appreciation tweet to mayor of municipality and executive district mayor of the central karo,neutral,0
66,1535888817982525440,Sun Jun 12 07:36:44 +0000 2022,Michael1Collins,appreciation tweet to mayor of municipality and executive district mayor of the central karo,neutral,0
67,1535887109004877824,Sun Jun 12 07:29:56 +0000 2022,MnatiTse,appreciation tweet to mayor of municipality and executive district mayor of the central karo,neutral,0
68,1535887100536623104,Sun Jun 12 07:29:54 +0000 2022,Khabzel72440322,appreciation tweet to mayor of municipality and executive district mayor of the central karo,neutral,0
69,1535886260060966913,Sun Jun 12 07:26:34 +0000 2022,Mr_Regverdig,appreciation tweet to mayor of municipality and executive district mayor of the central karo,neutral,0
70,1535884615918960640,Sun Jun 12 07:20:02 +0000 2022,MabinangLebuso,appreciation tweet to mayor of municipality and executive district mayor of the central karo,neutral,0
71,1535882437338750976,Sun Jun 12 07:11:23 +0000 2022,Major_General_J,appreciation tweet to mayor of municipality and executive district mayor of the central karo,neutral,0
72,1535878549252489216,Sun Jun 12 06:55:56 +0000 2022,lindsaymanthey,appreciation tweet to mayor of municipality and executive district mayor of the central karo,neutral,0
73,1535878410450370562,Sun Jun 12 06:55:22 +0000 2022,QSlabbert,appreciation tweet to mayor of municipality and executive district mayor of the central karo,neutral,0
74,1535876430520795137,Sun Jun 12 06:47:30 +0000 2022,Pinkas61,appreciation tweet to mayor of municipality and executive district mayor of the central karo,neutral,0
75,1535871867596185600,Sun Jun 12 06:29:23 +0000 2022,jmrgrowth,appreciation tweet to mayor of municipality and executive district mayor of the central karo,neutral,0
76,1535871323800580096,Sun Jun 12 06:27:13 +0000 2022,IthiNgwane,appreciation tweet to mayor of municipality and executive district mayor of the central karo,neutral,0
77,1535871044254322688,Sun Jun 12 06:26:06 +0000 2022,bwppieterse,appreciation tweet to mayor of municipality and executive district mayor of the central karo,neutral,0
78,1535870823793319937,Sun Jun 12 06:25:14 +0000 2022,victorvheerden,appreciation tweet to mayor of municipality and executive district mayor of the central karo,neutral,0
79,1535870438148030464,Sun Jun 12 06:23:42 +0000 2022,Sky_Lamola,appreciation tweet to mayor of municipality and executive district mayor of the central karo,neutral,0
80,1535869685324980226,Sun Jun 12 06:20:42 +0000 2022,Leader_810,appreciation tweet to mayor of municipality and executive district mayor of the central karo,neutral,0
81,1535868431144259588,Sun Jun 12 06:15:43 +0000 2022,JanWagn12548944,appreciation tweet to mayor of municipality and executive district mayor of the central karo,neutral,0
82,1535866832317562881,Sun Jun 12 06:09:22 +0000 2022,nolengae,appreciation tweet to mayor of municipality and executive district mayor of the central karo,neutral,0
83,1535866015497830400,Sun Jun 12 06:06:07 +0000 2022,thabilo,appreciation tweet to mayor of municipality and executive district mayor of the central karo,neutral,0
84,1535865584608485376,Sun Jun 12 06:04:25 +0000 2022,Sipiwo_SA,appreciation tweet to mayor of municipality and executive district mayor of the central karo,neutral,0
85,1535864662998274051,Sun Jun 12 06:00:45 +0000 2022,BathuNgcolosi,appreciation tweet to mayor of municipality and executive district mayor of the central karo,neutral,0
86,1535860615226572801,Sun Jun 12 05:44:40 +0000 2022,INHLEKELELE1,appreciation tweet to mayor of municipality and executive district mayor of the central karo,neutral,0
87,1535848902313840640,Sun Jun 12 04:58:07 +0000 2022,DumDiesel,that ladies and is all that the people ask for imagine what and could achieve in a decade let alone in office our economy would thrive,neutral,0
88,1535845867596529665,Sun Jun 12 04:46:04 +0000 2022,mheidtman,appreciation tweet to mayor of municipality and executive district mayor of the central karo,neutral,0
89,1535836668355289089,Sun Jun 12 04:09:30 +0000 2022,Orati1e,appreciation tweet to mayor of municipality and executive district mayor of the central karo,neutral,0
90,1535835684971364352,Sun Jun 12 04:05:36 +0000 2022,DodiLuxolo,appreciation tweet to mayor of municipality and executive district mayor of the central karo,neutral,0
91,1535827518363770881,Sun Jun 12 03:33:09 +0000 2022,TMasinga2,appreciation tweet to mayor of municipality and executive district mayor of the central karo,neutral,0
92,1535822965362810880,Sun Jun 12 03:15:03 +0000 2022,bmiselo82,appreciation tweet to mayor of municipality and executive district mayor of the central karo,neutral,0
93,1535820688883429378,Sun Jun 12 03:06:01 +0000 2022,M_RSE,appreciation tweet to mayor of municipality and executive district mayor of the central karo,neutral,0
94,1535818405848223746,Sun Jun 12 02:56:56 +0000 2022,theaxeman4,appreciation tweet to mayor of municipality and executive district mayor of the central karo,neutral,0
95,1535790296302096384,Sun Jun 12 01:05:14 +0000 2022,fowardbow,appreciation tweet to mayor of municipality and executive district mayor of the central karo,neutral,0
96,1535784903417430016,Sun Jun 12 00:43:49 +0000 2022,KabZ81280567,appreciation tweet to mayor of municipality and executive district mayor of the central karo,neutral,0
97,1535769033462644736,Sat Jun 11 23:40:45 +0000 2022,lira12_joy,appreciation tweet to mayor of municipality and executive district mayor of the central karo,neutral,0
98,1535762936697966593,Sat Jun 11 23:16:31 +0000 2022,Thabiso47272647,appreciation tweet to mayor of municipality and executive district mayor of the central karo,neutral,0
99,1535760371285377024,Sat Jun 11 23:06:20 +0000 2022,Mwelase_divine,appreciation tweet to mayor of municipality and executive district mayor of the central karo,neutral,0
100,1535757096179965954,Sat Jun 11 22:53:19 +0000 2022,nocturnal_views,appreciation tweet to mayor of municipality and executive district mayor of the central karo,neutral,0
101,1535755726940930048,Sat Jun 11 22:47:52 +0000 2022,Cutsie27,appreciation tweet to mayor of municipality and executive district mayor of the central karo,neutral,0
102,1535755349130616832,Sat Jun 11 22:46:22 +0000 2022,mheshu,appreciation tweet to mayor of municipality and executive district mayor of the central karo,neutral,0
103,1535744269885095936,Sat Jun 11 22:02:21 +0000 2022,vannwersdfzxc,appreciation tweet to mayor of municipality and executive district mayor of the central karo,neutral,0
104,1535743027423109120,Sat Jun 11 21:57:25 +0000 2022,MrSTKhumalo,appreciation tweet to mayor of municipality and executive district mayor of the central karo,neutral,0
105,1535740858489782273,Sat Jun 11 21:48:48 +0000 2022,miss_TeeS1,appreciation tweet to mayor of municipality and executive district mayor of the central karo,neutral,0
106,1535738152471732231,Sat Jun 11 21:38:02 +0000 2022,Dineokhumza,appreciation tweet to mayor of municipality and executive district mayor of the central karo,neutral,0
107,1535735728226836480,Sat Jun 11 21:28:24 +0000 2022,tshidisom02,appreciation tweet to mayor of municipality and executive district mayor of the central karo,neutral,0
108,1535725547665367043,Sat Jun 11 20:47:57 +0000 2022,amanda_malunga,appreciation tweet to mayor of municipality and executive district mayor of the central karo,neutral,0
109,1535720340134969344,Sat Jun 11 20:27:16 +0000 2022,Sekganeng,appreciation tweet to mayor of municipality and executive district mayor of the central karo,neutral,0
110,1535718364865257475,Sat Jun 11 20:19:25 +0000 2022,MsTeeCee_100,appreciation tweet to mayor of municipality and executive district mayor of the central karo,neutral,0
111,1535718309655715841,Sat Jun 11 20:19:11 +0000 2022,riekvdm,appreciation tweet to mayor of municipality and executive district mayor of the central karo,neutral,0
112,1535715953983606787,Sat Jun 11 20:09:50 +0000 2022,JJD4D,appreciation tweet to mayor of municipality and executive district mayor of the central karo,neutral,0
113,1535715644892659724,Sat Jun 11 20:08:36 +0000 2022,BathandwaMki,appreciation tweet to mayor of municipality and executive district mayor of the central karo,neutral,0
114,1535715222295543813,Sat Jun 11 20:06:55 +0000 2022,Sizabonke,appreciation tweet to mayor of municipality and executive district mayor of the central karo,neutral,0
115,1535714972193673216,Sat Jun 11 20:05:56 +0000 2022,MaenetjaWinnie,appreciation tweet to mayor of municipality and executive district mayor of the central karo,neutral,0
116,1535714114265395202,Sat Jun 11 20:02:31 +0000 2022,LOZAAH,appreciation tweet to mayor of municipality and executive district mayor of the central karo,neutral,0
117,1535708495621799938,Sat Jun 11 19:40:12 +0000 2022,MorganBilal,appreciation tweet to mayor of municipality and executive district mayor of the central karo,neutral,0
118,1535699073768034305,Sat Jun 11 19:02:45 +0000 2022,khanyewestis,appreciation tweet to mayor of municipality and executive district mayor of the central karo,neutral,0
119,1535698846025670659,Sat Jun 11 19:01:51 +0000 2022,Nkunzi_Emnyama,appreciation tweet to mayor of municipality and executive district mayor of the central karo,neutral,0
120,1535695748196712451,Sat Jun 11 18:49:32 +0000 2022,SSaluseke,appreciation tweet to mayor of municipality and executive district mayor of the central karo,neutral,0
121,1535695392733548545,Sat Jun 11 18:48:08 +0000 2022,HlathiZak,appreciation tweet to mayor of municipality and executive district mayor of the central karo,neutral,0
122,1535694949102108672,Sat Jun 11 18:46:22 +0000 2022,mxolisi12mdu,appreciation tweet to mayor of municipality and executive district mayor of the central karo,neutral,0
123,1535694011511750657,Sat Jun 11 18:42:38 +0000 2022,SollyLeburu,appreciation tweet to mayor of municipality and executive district mayor of the central karo,neutral,0
124,1535692851106955265,Sat Jun 11 18:38:02 +0000 2022,TheAmDee68,appreciation tweet to mayor of municipality and executive district mayor of the central karo,neutral,0
125,1535692214512324608,Sat Jun 11 18:35:30 +0000 2022,Iam_XP,appreciation tweet to mayor of municipality and executive district mayor of the central karo,neutral,0
126,1535689531940380672,Sat Jun 11 18:24:50 +0000 2022,OneNation70290,appreciation tweet to mayor of municipality and executive district mayor of the central karo,neutral,0
127,1535689079139999745,Sat Jun 11 18:23:02 +0000 2022,sbukhumalo63,appreciation tweet to mayor of municipality and executive district mayor of the central karo,neutral,0
128,1535687877610418176,Sat Jun 11 18:18:16 +0000 2022,FannieNkosi1,appreciation tweet to mayor of municipality and executive district mayor of the central karo,neutral,0
129,1535687795280322560,Sat Jun 11 18:17:56 +0000 2022,rolyman,appreciation tweet to mayor of municipality and executive district mayor of the central karo,neutral,0
130,1535685964504387587,Sat Jun 11 18:10:40 +0000 2022,Kenny54278814,appreciation tweet to mayor of municipality and executive district mayor of the central karo,neutral,0
131,1535683957622288386,Sat Jun 11 18:02:41 +0000 2022,Justsay42740408,appreciation tweet to mayor of municipality and executive district mayor of the central karo,neutral,0
132,1535682605949009922,Sat Jun 11 17:57:19 +0000 2022,ZinhleSokhela3,appreciation tweet to mayor of municipality and executive district mayor of the central karo,neutral,0
133,1535682507588378626,Sat Jun 11 17:56:56 +0000 2022,GN33863052,appreciation tweet to mayor of municipality and executive district mayor of the central karo,neutral,0
134,1535679103436718081,Sat Jun 11 17:43:24 +0000 2022,africans_put,appreciation tweet to mayor of municipality and executive district mayor of the central karo,neutral,0
135,1535677251299180545,Sat Jun 11 17:36:02 +0000 2022,chefetech,appreciation tweet to mayor of municipality and executive district mayor of the central karo,neutral,0
136,1535676256888422400,Sat Jun 11 17:32:05 +0000 2022,lesmolala,appreciation tweet to mayor of municipality and executive district mayor of the central karo,neutral,0
137,1535674517791690752,Sat Jun 11 17:25:11 +0000 2022,bougakev,appreciation tweet to mayor of municipality and executive district mayor of the central karo,neutral,0
138,1535673680235319297,Sat Jun 11 17:21:51 +0000 2022,CatherineNomat1,appreciation tweet to mayor of municipality and executive district mayor of the central karo,neutral,0
139,1535673488408715266,Sat Jun 11 17:21:05 +0000 2022,Time2Coach,appreciation tweet to mayor of municipality and executive district mayor of the central karo,neutral,0
140,1535673274776141826,Sat Jun 11 17:20:14 +0000 2022,HactorM_SA,appreciation tweet to mayor of municipality and executive district mayor of the central karo,neutral,0
141,1535673031980367876,Sat Jun 11 17:19:16 +0000 2022,PhilaniMhlongo_,appreciation tweet to mayor of municipality and executive district mayor of the central karo,neutral,0
142,1535672975084638208,Sat Jun 11 17:19:03 +0000 2022,guyinthecorner1,appreciation tweet to mayor of municipality and executive district mayor of the central karo,neutral,0
143,1535672974182912004,Sat Jun 11 17:19:03 +0000 2022,Victor19911711,appreciation tweet to mayor of municipality and executive district mayor of the central karo,neutral,0
144,1535669055981760512,Sat Jun 11 17:03:28 +0000 2022,Iam_Koena_M,appreciation tweet to mayor of municipality and executive district mayor of the central karo,neutral,0
145,1535668039017971715,Sat Jun 11 16:59:26 +0000 2022,MfokaMqulusi,appreciation tweet to mayor of municipality and executive district mayor of the central karo,neutral,0
146,1535667088639111168,Sat Jun 11 16:55:39 +0000 2022,SyabngaN,appreciation tweet to mayor of municipality and executive district mayor of the central karo,neutral,0
147,1535665332056113153,Sat Jun 11 16:48:41 +0000 2022,TshilidziNemuk6,appreciation tweet to mayor of municipality and executive district mayor of the central karo,neutral,0
148,1535664980779057152,Sat Jun 11 16:47:17 +0000 2022,king_scorpion3,appreciation tweet to mayor of municipality and executive district mayor of the central karo,neutral,0
149,1535664731742150656,Sat Jun 11 16:46:17 +0000 2022,VicMakhubele,appreciation tweet to mayor of municipality and executive district mayor of the central karo,neutral,0
150,1535664099140505600,Sat Jun 11 16:43:47 +0000 2022,macmonate,appreciation tweet to mayor of municipality and executive district mayor of the central karo,neutral,0
151,1535664018396008448,Sat Jun 11 16:43:27 +0000 2022,ComaMierdaSA,appreciation tweet to mayor of municipality and executive district mayor of the central karo,neutral,0
152,1535662418050924546,Sat Jun 11 16:37:06 +0000 2022,MonateReal,appreciation tweet to mayor of municipality and executive district mayor of the central karo,neutral,0
153,1535661713210605576,Sat Jun 11 16:34:18 +0000 2022,TruthLocateMe,appreciation tweet to mayor of municipality and executive district mayor of the central karo,neutral,0
154,1535661410176454660,Sat Jun 11 16:33:06 +0000 2022,Zipzee_N,appreciation tweet to mayor of municipality and executive district mayor of the central karo,neutral,0
155,1535660839704969218,Sat Jun 11 16:30:50 +0000 2022,Kgopzaza,appreciation tweet to mayor of municipality and executive district mayor of the central karo,neutral,0
156,1535658648193597440,Sat Jun 11 16:22:07 +0000 2022,Slebzed,appreciation tweet to mayor of municipality and executive district mayor of the central karo,neutral,0
157,1535658258194919424,Sat Jun 11 16:20:34 +0000 2022,MoremediDorothy,appreciation tweet to mayor of municipality and executive district mayor of the central karo,neutral,0
158,1535658128821391361,Sat Jun 11 16:20:03 +0000 2022,Nkulule99413200,appreciation tweet to mayor of municipality and executive district mayor of the central karo,neutral,0
159,1535657530440962048,Sat Jun 11 16:17:41 +0000 2022,thulaniwatti,appreciation tweet to mayor of municipality and executive district mayor of the central karo,neutral,0
160,1535657515119169537,Sat Jun 11 16:17:37 +0000 2022,dombane9,appreciation tweet to mayor of municipality and executive district mayor of the central karo,neutral,0
161,1535657243336663041,Sat Jun 11 16:16:32 +0000 2022,Gaijinguyy,appreciation tweet to mayor of municipality and executive district mayor of the central karo,neutral,0
162,1535656371294720000,Sat Jun 11 16:13:04 +0000 2022,confleswakgati,appreciation tweet to mayor of municipality and executive district mayor of the central karo,neutral,0
163,1535655136864964609,Sat Jun 11 16:08:10 +0000 2022,harry5000000,appreciation tweet to mayor of municipality and executive district mayor of the central karo,neutral,0
164,1535653198047989760,Sat Jun 11 16:00:28 +0000 2022,mphoseqaqa,appreciation tweet to mayor of municipality and executive district mayor of the central karo,neutral,0
165,1535652621226233856,Sat Jun 11 15:58:10 +0000 2022,princessmamrena,for how blessed will be the day best district leader loot for his district to shine indigenous t shirt anama,positive,2
166,1535651638890872832,Sat Jun 11 15:54:16 +0000 2022,TBallack13,appreciation tweet to mayor of municipality and executive district mayor of the central karo,neutral,0
167,1535651289694085123,Sat Jun 11 15:52:53 +0000 2022,Lwandile_Mdewu,appreciation tweet to mayor of municipality and executive district mayor of the central karo,neutral,0
168,1535648630161432576,Sat Jun 11 15:42:19 +0000 2022,marete001,appreciation tweet to mayor of municipality and executive district mayor of the central karo,neutral,0
169,1535647407643496448,Sat Jun 11 15:37:27 +0000 2022,Moretli_Vinny,appreciation tweet to mayor of municipality and executive district mayor of the central karo,neutral,0
170,1535646497659928584,Sat Jun 11 15:33:50 +0000 2022,hills007,appreciation tweet to mayor of municipality and executive district mayor of the central karo,neutral,0
171,1535644989123862529,Sat Jun 11 15:27:50 +0000 2022,Nandipa_Madini,appreciation tweet to mayor of municipality and executive district mayor of the central karo,neutral,0
172,1535644822912094209,Sat Jun 11 15:27:11 +0000 2022,bnzotho,appreciation tweet to mayor of municipality and executive district mayor of the central karo,neutral,0
173,1535640915586568192,Sat Jun 11 15:11:39 +0000 2022,KABELOZULU6,appreciation tweet to mayor of municipality and executive district mayor of the central karo,neutral,0
174,1535639279757664258,Sat Jun 11 15:05:09 +0000 2022,Andrew18767683,appreciation tweet to mayor of municipality and executive district mayor of the central karo,neutral,0
175,1535638757529075716,Sat Jun 11 15:03:05 +0000 2022,anonymoussam0,appreciation tweet to mayor of municipality and executive district mayor of the central karo,neutral,0
176,1535637947923537923,Sat Jun 11 14:59:52 +0000 2022,izallattitude,appreciation tweet to mayor of municipality and executive district mayor of the central karo,neutral,0
177,1535637241711804423,Sat Jun 11 14:57:03 +0000 2022,shoba82,appreciation tweet to mayor of municipality and executive district mayor of the central karo,neutral,0
178,1535636751569637376,Sat Jun 11 14:55:06 +0000 2022,LobambaKa,appreciation tweet to mayor of municipality and executive district mayor of the central karo,neutral,0
179,1535635422314909696,Sat Jun 11 14:49:50 +0000 2022,TBABY_336,appreciation tweet to mayor of municipality and executive district mayor of the central karo,neutral,0
180,1535634886412869632,Sat Jun 11 14:47:42 +0000 2022,_umbuyisa,appreciation tweet to mayor of municipality and executive district mayor of the central karo,neutral,0
181,1535634863180611584,Sat Jun 11 14:47:36 +0000 2022,Hustle_Gee_,appreciation tweet to mayor of municipality and executive district mayor of the central karo,neutral,0
182,1535634358320697345,Sat Jun 11 14:45:36 +0000 2022,round_south,appreciation tweet to mayor of municipality and executive district mayor of the central karo,neutral,0
183,1535634269682470917,Sat Jun 11 14:45:15 +0000 2022,Rio_5ZA,appreciation tweet to mayor of municipality and executive district mayor of the central karo,neutral,0
184,1535633700146266113,Sat Jun 11 14:42:59 +0000 2022,MphoMopeli3,appreciation tweet to mayor of municipality and executive district mayor of the central karo,neutral,0
185,1535633500287770626,Sat Jun 11 14:42:11 +0000 2022,TBK4ITT,appreciation tweet to mayor of municipality and executive district mayor of the central karo,neutral,0
186,1535633173836701696,Sat Jun 11 14:40:53 +0000 2022,Nzb09397433,appreciation tweet to mayor of municipality and executive district mayor of the central karo,neutral,0
187,1535632976083656705,Sat Jun 11 14:40:06 +0000 2022,Nami98434793,appreciation tweet to mayor of municipality and executive district mayor of the central karo,neutral,0
188,1535629306411593730,Sat Jun 11 14:25:31 +0000 2022,JudgeDijana,appreciation tweet to mayor of municipality and executive district mayor of the central karo,neutral,0
189,1535628454787534850,Sat Jun 11 14:22:08 +0000 2022,LeratoTubatsi,appreciation tweet to mayor of municipality and executive district mayor of the central karo,neutral,0
190,1535628159097372678,Sat Jun 11 14:20:58 +0000 2022,Jammie_Stpatric,appreciation tweet to mayor of municipality and executive district mayor of the central karo,neutral,0
191,1535627644141817856,Sat Jun 11 14:18:55 +0000 2022,Iamsimt,appreciation tweet to mayor of municipality and executive district mayor of the central karo,neutral,0
192,1535627575665606657,Sat Jun 11 14:18:39 +0000 2022,SmahMpanza,appreciation tweet to mayor of municipality and executive district mayor of the central karo,neutral,0
193,1535626847957950464,Sat Jun 11 14:15:45 +0000 2022,MpaipheliM,appreciation tweet to mayor of municipality and executive district mayor of the central karo,neutral,0
194,1535626528125493249,Sat Jun 11 14:14:29 +0000 2022,Amaza_Mtshali,appreciation tweet to mayor of municipality and executive district mayor of the central karo,neutral,0
195,1535624460753043456,Sat Jun 11 14:06:16 +0000 2022,CaptainAVB_22,appreciation tweet to mayor of municipality and executive district mayor of the central karo,neutral,0
196,1535622551258505216,Sat Jun 11 13:58:41 +0000 2022,Mthizman16,appreciation tweet to mayor of municipality and executive district mayor of the central karo,neutral,0
197,1535621831297736704,Sat Jun 11 13:55:49 +0000 2022,PelelaniGambu,appreciation tweet to mayor of municipality and executive district mayor of the central karo,neutral,0
198,1535619708904476672,Sat Jun 11 13:47:23 +0000 2022,Mbo44848601Mbo,appreciation tweet to mayor of municipality and executive district mayor of the central karo,neutral,0
199,1535619006320746496,Sat Jun 11 13:44:36 +0000 2022,loxionworld,appreciation tweet to mayor of municipality and executive district mayor of the central karo,neutral,0
200,1535614282511032321,Sat Jun 11 13:25:49 +0000 2022,Duduzil64867932,appreciation tweet to mayor of municipality and executive district mayor of the central karo,neutral,0
201,1535612882477633536,Sat Jun 11 13:20:16 +0000 2022,bd51eece2cc948b,appreciation tweet to mayor of municipality and executive district mayor of the central karo,neutral,0
202,1535611760690057217,Sat Jun 11 13:15:48 +0000 2022,uDosa_,appreciation tweet to mayor of municipality and executive district mayor of the central karo,neutral,0
203,1535610993581166592,Sat Jun 11 13:12:45 +0000 2022,Matome_cry,appreciation tweet to mayor of municipality and executive district mayor of the central karo,neutral,0
204,1535607572904177665,Sat Jun 11 12:59:10 +0000 2022,MouroStani,appreciation tweet to mayor of municipality and executive district mayor of the central karo,neutral,0
205,1535605892992876545,Sat Jun 11 12:52:29 +0000 2022,JeleJele89,appreciation tweet to mayor of municipality and executive district mayor of the central karo,neutral,0
206,1535602110569537536,Sat Jun 11 12:37:27 +0000 2022,EverythingSAPa2,appreciation tweet to mayor of municipality and executive district mayor of the central karo,neutral,0
207,1535601682855378951,Sat Jun 11 12:35:45 +0000 2022,Sparkleberrie,appreciation tweet to mayor of municipality and executive district mayor of the central karo,neutral,0
208,1535600483448012800,Sat Jun 11 12:30:59 +0000 2022,Adv_Makhanya,appreciation tweet to mayor of municipality and executive district mayor of the central karo,neutral,0
209,1535599809826013184,Sat Jun 11 12:28:19 +0000 2022,aubrey_mahlobo,appreciation tweet to mayor of municipality and executive district mayor of the central karo,neutral,0
210,1535598265743380481,Sat Jun 11 12:22:11 +0000 2022,SIMON81093779,appreciation tweet to mayor of municipality and executive district mayor of the central karo,neutral,0
211,1535596928309899267,Sat Jun 11 12:16:52 +0000 2022,MmVumisa,appreciation tweet to mayor of municipality and executive district mayor of the central karo,neutral,0
212,1535596572981047297,Sat Jun 11 12:15:27 +0000 2022,MakgalaNgatane,appreciation tweet to mayor of municipality and executive district mayor of the central karo,neutral,0
213,1535595613982797824,Sat Jun 11 12:11:39 +0000 2022,KgosiMalele,appreciation tweet to mayor of municipality and executive district mayor of the central karo,neutral,0
214,1535594551376764942,Sat Jun 11 12:07:25 +0000 2022,Levy051,appreciation tweet to mayor of municipality and executive district mayor of the central karo,neutral,0
215,1535592247693127680,Sat Jun 11 11:58:16 +0000 2022,mbusoNUZ,love him or hate him is to the people,negative,1
216,1535588942875176965,Sat Jun 11 11:45:08 +0000 2022,patriotZulu,appreciation tweet to mayor of municipality and executive district mayor of the central karo,neutral,0
217,1535588850147508226,Sat Jun 11 11:44:46 +0000 2022,Levigos,appreciation tweet to mayor of municipality and executive district mayor of the central karo,neutral,0
218,1535587436063080448,Sat Jun 11 11:39:09 +0000 2022,TK_Awu,appreciation tweet to mayor of municipality and executive district mayor of the central karo,neutral,0
219,1535587342450401285,Sat Jun 11 11:38:46 +0000 2022,mpanza_sibonelo,appreciation tweet to mayor of municipality and executive district mayor of the central karo,neutral,0
220,1535587206924050434,Sat Jun 11 11:38:14 +0000 2022,mandlabafo,appreciation tweet to mayor of municipality and executive district mayor of the central karo,neutral,0
221,1535582797615833088,Sat Jun 11 11:20:43 +0000 2022,BLACKBEAUTY8371,appreciation tweet to mayor of municipality and executive district mayor of the central karo,neutral,0
222,1535581862160220160,Sat Jun 11 11:17:00 +0000 2022,booysen8,appreciation tweet to mayor of municipality and executive district mayor of the central karo,neutral,0
223,1535581355899248640,Sat Jun 11 11:14:59 +0000 2022,IamNiggaSnupe,appreciation tweet to mayor of municipality and executive district mayor of the central karo,neutral,0
224,1535579506173427712,Sat Jun 11 11:07:38 +0000 2022,dedela_igazi,appreciation tweet to mayor of municipality and executive district mayor of the central karo,neutral,0
225,1535578114339790848,Sat Jun 11 11:02:06 +0000 2022,mchunu_kmlive,appreciation tweet to mayor of municipality and executive district mayor of the central karo,neutral,0
226,1535578005883715584,Sat Jun 11 11:01:40 +0000 2022,sushifired,appreciation tweet to mayor of municipality and executive district mayor of the central karo,neutral,0
227,1535577955862200321,Sat Jun 11 11:01:28 +0000 2022,Nare24ko,appreciation tweet to mayor of municipality and executive district mayor of the central karo,neutral,0
228,1535577749087207428,Sat Jun 11 11:00:39 +0000 2022,Sandile45917770,appreciation tweet to mayor of municipality and executive district mayor of the central karo,neutral,0
229,1535577688001355776,Sat Jun 11 11:00:25 +0000 2022,lamThabo_,appreciation tweet to mayor of municipality and executive district mayor of the central karo,neutral,0
230,1535576656345288704,Sat Jun 11 10:56:19 +0000 2022,BizGuru4,appreciation tweet to mayor of municipality and executive district mayor of the central karo,neutral,0
231,1535576147446071297,Sat Jun 11 10:54:17 +0000 2022,MzansiOversight,appreciation tweet to mayor of municipality and executive district mayor of the central karo,neutral,0
232,1535575637091618817,Sat Jun 11 10:52:16 +0000 2022,njaffa,appreciation tweet to mayor of municipality and executive district mayor of the central karo,neutral,0
233,1535575459269857280,Sat Jun 11 10:51:33 +0000 2022,SiyabongaG2,appreciation tweet to mayor of municipality and executive district mayor of the central karo,neutral,0
234,1535574625371004930,Sat Jun 11 10:48:14 +0000 2022,Gwanyembobo,appreciation tweet to mayor of municipality and executive district mayor of the central karo,neutral,0
235,1535573713453735939,Sat Jun 11 10:44:37 +0000 2022,Vhathuvhasampfi,appreciation tweet to mayor of municipality and executive district mayor of the central karo,neutral,0
236,1535571498416623618,Sat Jun 11 10:35:49 +0000 2022,SabzGatsheni,appreciation tweet to mayor of municipality and executive district mayor of the central karo,neutral,0
237,1535571396683829248,Sat Jun 11 10:35:25 +0000 2022,Boepakitso,appreciation tweet to mayor of municipality and executive district mayor of the central karo,neutral,0
238,1535570940871983104,Sat Jun 11 10:33:36 +0000 2022,ThePatriotOfZAR,appreciation tweet to mayor of municipality and executive district mayor of the central karo,neutral,0
239,1535569868459757568,Sat Jun 11 10:29:20 +0000 2022,CaTootle,appreciation tweet to mayor of municipality and executive district mayor of the central karo,neutral,0
240,1535568883431657472,Sat Jun 11 10:25:25 +0000 2022,GuardianOfSA,appreciation tweet to mayor of municipality and executive district mayor of the central karo,neutral,0
241,1535567914488692736,Sat Jun 11 10:21:34 +0000 2022,view_different,appreciation tweet to mayor of municipality and executive district mayor of the central karo,neutral,0
242,1535565359595528197,Sat Jun 11 10:11:25 +0000 2022,VeoyniferI,appreciation tweet to mayor of municipality and executive district mayor of the central karo,neutral,0
243,1535565312229265409,Sat Jun 11 10:11:14 +0000 2022,Khoshhy,appreciation tweet to mayor of municipality and executive district mayor of the central karo,neutral,0
244,1535562492793040900,Sat Jun 11 10:00:02 +0000 2022,Njabulo09403172,appreciation tweet to mayor of municipality and executive district mayor of the central karo,neutral,0
245,1535561628019720197,Sat Jun 11 09:56:36 +0000 2022,BenjiSeitlhamo,appreciation tweet to mayor of municipality and executive district mayor of the central karo,neutral,0
246,1535557709558435840,Sat Jun 11 09:41:01 +0000 2022,PeterMafreka1,appreciation tweet to mayor of municipality and executive district mayor of the central karo,neutral,0
247,1535556240713076736,Sat Jun 11 09:35:11 +0000 2022,ManyovuG,appreciation tweet to mayor of municipality and executive district mayor of the central karo,neutral,0
248,1535555167801815040,Sat Jun 11 09:30:55 +0000 2022,mpotse20,appreciation tweet to mayor of municipality and executive district mayor of the central karo,neutral,0
249,1535550824314707974,Sat Jun 11 09:13:40 +0000 2022,Vuyo40049555,appreciation tweet to mayor of municipality and executive district mayor of the central karo,neutral,0
250,1535550132065796097,Sat Jun 11 09:10:55 +0000 2022,BantuComprador,appreciation tweet to mayor of municipality and executive district mayor of the central karo,neutral,0
251,1535549964704686081,Sat Jun 11 09:10:15 +0000 2022,Africafuturefa1,appreciation tweet to mayor of municipality and executive district mayor of the central karo,neutral,0
252,1535548785803272194,Sat Jun 11 09:05:34 +0000 2022,uturnglobal,appreciation tweet to mayor of municipality and executive district mayor of the central karo,neutral,0
253,1535547177975562240,Sat Jun 11 08:59:10 +0000 2022,zwidenyapT,appreciation tweet to mayor of municipality and executive district mayor of the central karo,neutral,0
254,1535543691925934080,Sat Jun 11 08:45:19 +0000 2022,ZeusAndHeraSon,appreciation tweet to mayor of municipality and executive district mayor of the central karo,neutral,0
255,1535532383419744256,Sat Jun 11 08:00:23 +0000 2022,Thebulas,appreciation tweet to mayor of municipality and executive district mayor of the central karo,neutral,0
256,1535528347274465280,Sat Jun 11 07:44:21 +0000 2022,FritzAkeem045,appreciation tweet to mayor of municipality and executive district mayor of the central karo,neutral,0
257,1535509474261315586,Sat Jun 11 06:29:21 +0000 2022,OleMothibi,appreciation tweet to mayor of municipality and executive district mayor of the central these clearly understand the mandate,positive,2
258,1535506235088322562,Sat Jun 11 06:16:29 +0000 2022,nielisha,still not resolved so useless i give up,negative,1
259,1535366173444845569,Fri Jun 10 20:59:56 +0000 2022,CodeforPDX,the potential to create in service delivery through local state is too advantageous to ignore,neutral,0
260,1535343542477869056,Fri Jun 10 19:30:00 +0000 2022,NewAmericaPIT,the potential to create in service delivery through local state is too advantageous to ignore admittedly these while easily will take a sea change of attitude to accomplish,positive,2
261,1535281125693788162,Fri Jun 10 15:21:59 +0000 2022,debbie_watters,today board and came together to begin the discussion on our next corporate plan great engagement at,positive,2
262,1535280829148037120,Fri Jun 10 15:20:48 +0000 2022,PBNINews,today board and came together to begin the discussion on our next corporate plan great engagement atmosphere and by _watters,positive,2
263,1535258194276122630,Fri Jun 10 13:50:51 +0000 2022,SASDIAlliance,informal settlement keep it up,neutral,0
264,1535253381035483136,Fri Jun 10 13:31:44 +0000 2022,KyleHolliday,excited to reveal the of our experience delivery study join our with,positive,2
265,1535204099829940225,Fri Jun 10 10:15:54 +0000 2022,SARoadies1,first up on have a tipping point on their as they brace,positive,2
266,1535141372436615168,Fri Jun 10 06:06:39 +0000 2022,ShopperSAfrica,_mail south,neutral,0
267,1535140691193614339,Fri Jun 10 06:03:56 +0000 2022,CoworkingJhb,_mail south,neutral,0
268,1535140143119622144,Fri Jun 10 06:01:46 +0000 2022,PropertyShowDay,_mail south,neutral,0
269,1534973611789848576,Thu Jun 09 19:00:02 +0000 2022,Leapgen,excited to reveal the of our experience delivery study join our with to hear the biggest when it comes to experience delivery save your seat,positive,2
270,1534937898067574784,Thu Jun 09 16:38:07 +0000 2022,GrantGoddard8,thank you to all our for always service delivery yours in service excellence,neutral,0
271,1534937716990820357,Thu Jun 09 16:37:24 +0000 2022,GrantGoddard8,yesterday the mayoral committee and i went to oversee the depot and make sure that are running smoothly from g,positive,2
272,1534935359611711491,Thu Jun 09 16:28:02 +0000 2022,Shishinya1,am a firm believer in that a politician most important role in society is providing hope to the with hope the rest will fall into place but what is currently doing it that they can actually do more _ideas,positive,2
273,1534899141708505089,Thu Jun 09 14:04:07 +0000 2022,johorwitz,_maverik if you know the geography of the it would make more sense take it from those who do know that there is a real differential and why we in b and e are ecstatic our that stop our for have been,positive,2
274,1534883227865088001,Thu Jun 09 13:00:52 +0000 2022,AspireSystems,it s upgrade time again the new san release read to know more,positive,2
275,1534823080887046144,Thu Jun 09 09:01:52 +0000 2022,sdi_institute,need some fresh to boost your employee customer experience book your free space now join our live tool day on june,positive,2
276,1534781110147850240,Thu Jun 09 06:15:06 +0000 2022,Serveetcons,the distance between you and our qualified service is one click away we pride ourselves when we make easier for our,neutral,0
277,1534601228361113600,Wed Jun 08 18:20:19 +0000 2022,thabomoloiinc,yesterday the mayoral committee and i went to oversee the depot and make sure that are running smoothly from g,positive,2
278,1534600624096137221,Wed Jun 08 18:17:54 +0000 2022,Peculiaropengov,today we are a stakeholder engagement with government and community in to dialogue on w,neutral,0
279,1534585825433989120,Wed Jun 08 17:19:06 +0000 2022,ItsBi_NotBee,we should actually get to the point where we focus more on getting the right people who can actually do the job and do it correctly unfortunately our get the better of us i do not trust that this country will not revert back to apartheid given a chance,positive,2
280,1534565808331956224,Wed Jun 08 15:59:34 +0000 2022,Mvp_Morex,today we are a stakeholder engagement with government and community in to dialogue on w,neutral,0
281,1534532741659860999,Wed Jun 08 13:48:10 +0000 2022,tsubaiskhosana,my keep it up you are giving a service delivery free lecture,positive,2
282,1534481822976987136,Wed Jun 08 10:25:50 +0000 2022,imo_edet,today we are a stakeholder engagement with government and community in to dialogue on w,neutral,0
283,1534479284659789827,Wed Jun 08 10:15:45 +0000 2022,_abubakarSambo,today we are a stakeholder engagement with government and community in to dialogue on w,neutral,0
284,1534476473452711936,Wed Jun 08 10:04:35 +0000 2022,ppmonitorNG,today we are a stakeholder engagement with government and community in to dialogue on ways to improve service delivery,neutral,0
285,1534471076037677058,Wed Jun 08 09:43:08 +0000 2022,kupfuwaishmael,clinic construction revealed that they are currently,neutral,0
286,1534461260934397953,Wed Jun 08 09:04:08 +0000 2022,LoneWalker_256,we told that production then we get this are run and by,neutral,0
287,1534454187118960641,Wed Jun 08 08:36:01 +0000 2022,kyronmedia,our next welsh pharmacy award for in service delivery in community pharmacy independent by to apply please visit to the entry form,neutral,0
288,1534446131668729858,Wed Jun 08 08:04:01 +0000 2022,slyolago,_immink efficient to enhance the handling access to information and to improve a,neutral,0
289,1534444627889119232,Wed Jun 08 07:58:02 +0000 2022,Ogaloty,_immink efficient to enhance the handling access to information and to improve a,neutral,0
290,1534440409962885123,Wed Jun 08 07:41:16 +0000 2022,bodo_immink,efficient to enhance the handling access to information and to improve access to jointly with _gmbh courtesy to,neutral,0
291,1534415810248073217,Wed Jun 08 06:03:31 +0000 2022,hasan_tinmaz,is a replica to improve service delivery,neutral,0
292,1534405444768354305,Wed Jun 08 05:22:20 +0000 2022,Gail_Mail,_mail south,neutral,0
293,1534364516347412482,Wed Jun 08 02:39:42 +0000 2022,PraveenKumGarg9,we are looking for a manager of service delivery from diverse background that are keen to work in a fast paced and,positive,2
